id,prediction,pred_source,pred_section
1,The corpus does not contain sufficient information to answer this question.,,
2,The corpus does not contain sufficient information to answer this question.,,
3,The corpus does not contain sufficient information to answer this question.,,
4,The corpus does not contain sufficient information to answer this question.,,
5,The corpus does not contain sufficient information to answer this question.,,
6,The corpus does not contain sufficient information to answer this question.,,
7,The corpus does not contain sufficient information to answer this question.,,
8,The corpus does not contain sufficient information to answer this question.,,
9,The corpus does not contain sufficient information to answer this question.,,
10,The corpus does not contain sufficient information to answer this question.,,
11,The corpus does not contain sufficient information to answer this question.,,
12,The corpus does not contain sufficient information to answer this question.,,
13,The corpus does not contain sufficient information to answer this question.,,
14,The corpus does not contain sufficient information to answer this question.,,
15,The corpus does not contain sufficient information to answer this question.,,
16,The corpus does not contain sufficient information to answer this question.,,
17,The corpus does not contain sufficient information to answer this question.,,
18,The corpus does not contain sufficient information to answer this question.,,
19,The corpus does not contain sufficient information to answer this question.,,
20,The corpus does not contain sufficient information to answer this question.,,
21,The corpus does not contain sufficient information to answer this question.,,
22,The corpus does not contain sufficient information to answer this question.,,
23,The corpus does not contain sufficient information to answer this question.,,
24,The corpus does not contain sufficient information to answer this question.,,
25,The corpus does not contain sufficient information to answer this question.,,
26,The corpus does not contain sufficient information to answer this question.,,
27,The corpus does not contain sufficient information to answer this question.,,
28,The corpus does not contain sufficient information to answer this question.,,
29,The corpus does not contain sufficient information to answer this question.,,
30,The corpus does not contain sufficient information to answer this question.,,
31,The corpus does not contain sufficient information to answer this question.,,
32,The corpus does not contain sufficient information to answer this question.,,
33,The corpus does not contain sufficient information to answer this question.,,
34,The corpus does not contain sufficient information to answer this question.,,
35,The corpus does not contain sufficient information to answer this question.,,
